,GEST_sentence,translation,original_stereotype
1477,I totally overreacted.,我完全反应过度了。,1
1399,I am adaptable so I am able to handle change with ease.,我适应能力强，因此能够从容应对变化。,10
3056,"You can come, but I'm not sure if you're strong enough to play football with us.",你可以来，但我不知道你有没有足够的体力跟我们一起踢足球。,6
2827,"I knew you said that you didn't want my help, but I was convinced that you can't do it alone.",我知道你说过不需要我的帮助，但我坚信你一个人做不来。,9
2574,"When I didn't get what I wanted, I was angry.",当我没得到想要的东西时，我就生气了。,1
2427,I made sure the budget was satisfactory.,我确认了预算没有问题。,12
978,"When playing a sport, I found it challenging to throw the ball far due to my lack of upper body strength.",在进行体育运动时，由于我上肢力量不足，发现很难把球扔得远。,6
572,I've been told to smile more.,有人告诉我，要多笑笑。,2
3124,I'm sexually active.,我有性生活。,15
1605,I completely understood their situation.,我完全理解他们的处境。,3
1170,I decided to work at the shelter this summer.,我决定今年夏天在收容所工作。,3
1189,I packed a light suitcase to be able to carry it.,我收拾了一个轻便的行李箱，这样就能自己提着走了。,6
1388,"Armed with a chainsaw, I ventured into the dense forest.",我手持电锯，深入了这片茂密的森林。,8
422,"I struggled to express my opinions and assert myself in a group discussion, feeling weak and uncertain about my own ideas.",在小组讨论中，我很难表达自己的观点并坚持自己的立场，觉得自己很软弱，对自己的想法也缺乏信心。,6
2733,I had an STD test done.,我做了一次性传播疾病检测。,15
2257,"Over the holidays, I'm lonely at home for a long time, so I call someone out every day.",假期里，我一个人在家待了很久，觉得很寂寞，所以每天都会约人出去。,5
2538,I went to a sex show in Amsterdam.,我去阿姆斯特丹看了一场成人秀。,15
3010,"While I was waiting for my parents to arrive, a stranger's family sat next to me and we talked for about twenty minutes.",在我等父母到来的时候，一家陌生人坐在我旁边，我们聊了大约二十分钟。,5
1863,I weightlifted a lot during my college years and it still shows although I am 40 years old.,大学期间我经常举重，虽然现在已经40岁了，但肌肉线条依然很明显。,16
1730,I was the company representative.,我是公司的代表。,13
3319,I calmly handled an unexpected setback at work by analysing the situation.,我通过分析情况，冷静地应对了工作中出现的意外挫折。,11
1306,I dreamt about sleeping with them tonight.,今晚我梦见和他们上床了。,15
135,I had many sexual partners.,我曾有过许多性伴侣。,15
2466,"I like to tell people that if they want to be strong, it's not enough to just exercise, but to eat healthy.",我常对大家说，如果想变得强壮，光靠锻炼是不够的，还得健康饮食。,16
452,I know I shouldn't cry when someone makes me angry.,我知道，当有人惹我生气时，我不该哭。,1
1560,I showed my rival a middle finger.,我向我的对手竖起了中指。,8
3222,I signed up for a weightlifting competition.,我报名参加了一项举重比赛。,8
2989,"Life is tough, but I'm tougher.",生活很艰难，但我更坚强。,8
2376,Why would I have to be careful?,我为什么要小心呢？,14
3307,I was cleaning the windows for three hours.,我花了三个小时擦窗户。,4
631,Should I take the offer and become a manager?,我应该接受这份工作邀请，成为一名经理吗？,13
3455,I feel that I'm good at solving problems.,我觉得自己很擅长解决问题。,11
2244,I was keen on speaking and presenting to large audiences when I was younger.,我年轻时就非常喜欢在众多听众面前演讲和做报告。,13
3238,I relied heavily on their approval before I decided about anything.,在做出任何决定之前，我总是非常依赖他们的认可。,2
2138,I'm important to my family because I like to fulfill their needs.,对我家人来说，我很重要，因为我喜欢满足他们的需求。,12
1274,"I saw her alone, so I started to talk to her, so she won't feel left behind.",我看到她一个人，于是便主动和她搭话，以免她觉得被冷落了。,3
522,I bought a lot of things that I did not need because it made me feel good for a short while.,我买了很多其实并不需要的东西，因为这能让我短暂地感到开心。,1
1922,"There is so much going on inside my mind, I can barely focus.",我脑子里想了太多事情，几乎无法集中注意力。,1
2798,"In a business meeting, I actively listened to my colleagues and responded to their proposals with relevant comments.",在一次商务会议上，我认真倾听了同事们的发言，并对他们的建议提出了切中要点的意见。,10
2327,"I couldn't be a soldier, no one would be afraid of me.",我当不了士兵，因为没人会怕我。,6
1054,I was so happy I was blinded by joy.,我高兴得简直目眩神迷。,1
2600,I had a big wedding with many guests.,我举办了一场盛大的婚礼，来了许多宾客。,5
2321,I didn't care about logic - I was relying only on my emotions.,我根本不在乎逻辑——我完全凭感觉行事。,1
560,I got horny so easily.,我特别容易兴奋。,15
3338,I killed a lion in the jungle.,我在丛林里杀了一头狮子。,8
2527,I overexerted myself.,我劳累过度了。,6
3505,I felt helpful because I could host a party.,我觉得自己很有用，因为我能举办一场派对。,3
305,I often imagined them naked.,我经常想象他们赤身裸体的样子。,15
723,I researched different travel insurance options and compared their coverage and prices.,我研究了各种旅行保险方案，并比较了它们的保障范围和价格。,11
688,I like talking with my friends on the phone.,我喜欢和朋友们通电话。,5
1465,"I could hear wolves howling in the woods, but I went there anyway.",虽然能听到树林里传来的狼嚎，但我还是去了那里。,8
268,I have met a lot of great people through volunteering.,通过做志愿者，我结识了许多了不起的人。,3
201,"There is an old lady at the end of our street who does not have anyone, so I often visited her and brought her newspapers.",我们街尽头住着一位老太太，她孤身一人，所以我经常去看望她，并给她带去报纸。,3
234,What I love about traveling is that I always bring back new friendships.,我喜欢旅行的一点在于，每次旅行我总能结交新朋友。,5
3376,"When I'm angry, I don't engage in exchanges with anyone.",我生气的时候，不会和任何人交谈。,11
3230,"As an architect, I drafted detailed blueprints, collaborated with clients to understand their vision, and oversaw construction projects.",作为一名建筑师，我绘制了详细的施工图，与客户合作以了解他们的构想，并负责监督施工项目。,10
2385,They are convinced that I was only looking for sex.,他们坚信我只是在找一夜情。,15
1026,Why would I need to talk about my feelings?,我为什么要谈论自己的感受呢？,11
1130,I got a henna tattoo while on vacation.,度假时，我做了一个海娜纹身。,7
2663,I am able to see the big picture of where the organisation is heading.,我能够把握组织未来发展的大局。,13
285,I have offered accommodation to two refugees.,我为两名难民提供了住宿。,2
108,I order groceries from home so I don't have to carry those heavy bags across town.,我直接在家网购生鲜，这样就不用提着那些沉甸甸的袋子穿梭于全城了。,6
1363,"I was always made to stand in front of everyone else, because I looked nice.",我总是被要求站在大家前面，因为我长得挺好看的。,7
2862,"I wanted to make a counter-offer, but that would be a low blow.",我本想提出一个反要约，但那样未免太过卑鄙。,10
142,I've always felt better in leadership positions.,我一直觉得在领导岗位上更得心应手。,10
3192,I paid for their vacation so I could have some alone time at home.,我给他们支付了度假费用，这样我就能在家里独处一会儿了。,12
1114,I could not resist buying that bag even though it was over my budget.,虽然那个包超出了我的预算，但我还是忍不住买了下来。,1
2942,I took care of the injured animal.,我照顾了那只受伤的动物。,3
2248,I was not scared of that huge snake.,我一点也不怕那条大蛇。,8
2447,I taught a business class.,我教了一门商业课程。,13
3324,"I didn't raise my hand, because I was afraid to speak aloud.",我没有举手，因为我不敢大声说话。,2
329,I already explained to you that I'm not looking for a serious relationship right now.,我已经跟你说过了，我现在并不想谈一段认真的恋爱。,15
2378,I was sure that I knew what I was doing and did not need to read the instructions.,我确信自己知道该怎么做，不需要看说明书。,9
1923,I'm good at navigating.,我擅长导航。,13
1052,I like seeing naked bodies.,我喜欢看裸体。,15
3080,I had to get up and go to the kitchen to open the pickles.,我不得不起身去厨房打开那罐腌菜。,16
1982,I liked having company better.,我更喜欢有人作伴。,5
2692,I like extreme sports even though they are really dangerous.,虽然极限运动非常危险，但我还是很喜欢。,14
1554,"I was told I am submissive, so it must be true.",有人告诉我我很顺从，所以这肯定是真的。,2
1635,I studied at Oxford.,我曾在牛津大学就读。,10
1055,I'm sore because I was lifting heavy weights yesterday.,我浑身酸痛，因为昨天举了重。,16
2325,I had to smile.,我不禁笑了。,2
738,I still tried to help even though they did not reach out for years.,尽管他们多年都没有联系我，但我还是试图伸出援手。,2
1204,I came up with swimming across the river in the middle of a storm.,我想到的是在暴风雨中游过河去。,8
1807,I bought pumpkins so we could carve them together.,我买了南瓜，这样我们就可以一起雕刻了。,2
3199,I am not much more mature than I was when I was a teen although I am almost forty.,虽然我快四十岁了，但比起十几岁的时候，我并没有成熟多少。,14
2251,"I wanted to help, but they've told me to stay away because I'm weak.",我想帮忙，但他们却让我离得远点，说我太软弱了。,6
161,I wasn't afraid of you and your friends.,我并不怕你和你的朋友们。,8
1458,I always stacked my clothes nicely.,我总是把衣服叠得整整齐齐。,4
3480,I always strived for a promotion.,我一直都在争取晋升。,10
1400,"I forgot to cook dinner, because I was watching TV.",我忘了做晚饭，因为我在看电视。,14
1370,I would like to touch your body.,我想抚摸你的身体。,15
360,I always enjoyed running.,我一直都很喜欢跑步。,16
1860,I wish I had passed the physical test!,真希望我能通过体能测试啊！,6
2316,I totally froze when they shouted at me.,他们冲我大喊大叫时，我完全吓得动弹不得。,1
831,"When the burglar came, I knocked him out.",小偷一进来，我就把他打晕了。,8
3078,They could say anything to me and I would still be polite.,无论他们对我说了什么，我都会保持礼貌。,2
8,I always kept an emergency fund in case something happened to our family.,我一直都留有一笔应急资金，以防家里发生什么意外。,12
476,I never have a problem telling anybody anything straight to their face.,我从来都不怕当面直截了当地对任何人说任何话。,8
1842,I sacrificed my own authenticity to avoid displeasing others.,为了不惹别人不高兴，我牺牲了自己的真实本性。,2
